"filename", "language", "Markdown", "JavaScript", "TypeScript", "JSON", "XML", "HTML", "JSON with Comments", "TypeScript JSX", "PostCSS", "comment", "blank", "total"
"c:\Users\dell\WebstormProjects\ChoreChampion\chorechampion\# Code Citations.md", "Markdown", 1006, 0, 0, 0, 0, 0, 0, 0, 0, 0, 317, 1323
"c:\Users\dell\WebstormProjects\ChoreChampion\chorechampion\.cursor\environment.json", "JSON", 0, 0, 0, 3, 0, 0, 0, 0, 0, 0, 0, 3
"c:\Users\dell\WebstormProjects\ChoreChampion\chorechampion\ADMIN_ONLY_COMPLETE_LOCKDOWN.js", "JavaScript", 0, 13, 0, 0, 0, 0, 0, 0, 0, 165, 3, 181
"c:\Users\dell\WebstormProjects\ChoreChampion\chorechampion\ADMIN_UI_CONTROLS_COMPLETE.js", "JavaScript", 0, 168, 0, 0, 0, 0, 0, 0, 0, 126, 23, 317
"c:\Users\dell\WebstormProjects\ChoreChampion\chorechampion\ADMIN_UX_COMPLETE_SOLUTION.js", "JavaScript", 0, 20, 0, 0, 0, 0, 0, 0, 0, 187, 3, 210
"c:\Users\dell\WebstormProjects\ChoreChampion\chorechampion\API_CLIENT_COMPARISON_ANALYSIS.md", "Markdown", 278, 0, 0, 0, 0, 0, 0, 0, 0, 0, 102, 380
"c:\Users\dell\WebstormProjects\ChoreChampion\chorechampion\API_DATA_FETCHING_RESTORED.js", "JavaScript", 0, 29, 0, 0, 0, 0, 0, 0, 0, 104, 9, 142
"c:\Users\dell\WebstormProjects\ChoreChampion\chorechampion\ARCHIVE_COMPLETION_DATE_FIX_COMPLETE.js", "JavaScript", 0, 30, 0, 0, 0, 0, 0, 0, 0, 88, 3, 121
"c:\Users\dell\WebstormProjects\ChoreChampion\chorechampion\ARCHIVE_COMPLETION_DATE_TESTING_PLAN.js", "JavaScript", 0, 83, 0, 0, 0, 0, 0, 0, 0, 19, 14, 116
"c:\Users\dell\WebstormProjects\ChoreChampion\chorechampion\ARCHIVE_DROPDOWN_DARK_MODE_FIX.md", "Markdown", 182, 0, 0, 0, 0, 0, 0, 0, 0, 0, 57, 239
"c:\Users\dell\WebstormProjects\ChoreChampion\chorechampion\ARCHIVE_RESPONSIVE_ENHANCEMENT_SUMMARY.md", "Markdown", 102, 0, 0, 0, 0, 0, 0, 0, 0, 0, 45, 147
"c:\Users\dell\WebstormProjects\ChoreChampion\chorechampion\AUTHENTICATION_DEBUG_MODE.js", "JavaScript", 0, 19, 0, 0, 0, 0, 0, 0, 0, 95, 9, 123
"c:\Users\dell\WebstormProjects\ChoreChampion\chorechampion\AUTHENTICATION_ERROR_HANDLING_SOLVED.md", "Markdown", 171, 0, 0, 0, 0, 0, 0, 0, 0, 0, 63, 234
"c:\Users\dell\WebstormProjects\ChoreChampion\chorechampion\AUTHENTICATION_FLOW_COMPLETE_GUIDE.md", "Markdown", 252, 0, 0, 0, 0, 0, 0, 0, 0, 0, 80, 332
"c:\Users\dell\WebstormProjects\ChoreChampion\chorechampion\AUTOMATIC_TOKEN_REFRESH_SOLUTION.md", "Markdown", 115, 0, 0, 0, 0, 0, 0, 0, 0, 0, 34, 149
"c:\Users\dell\WebstormProjects\ChoreChampion\chorechampion\AUTO_LOGIN_BEST_PRACTICES.md", "Markdown", 252, 0, 0, 0, 0, 0, 0, 0, 0, 1, 76, 329
"c:\Users\dell\WebstormProjects\ChoreChampion\chorechampion\AUTO_LOGIN_SIGNUP_FIX.md", "Markdown", 210, 0, 0, 0, 0, 0, 0, 0, 0, 3, 77, 290
"c:\Users\dell\WebstormProjects\ChoreChampion\chorechampion\BADGE_INTEGRATION_GUIDE.md", "Markdown", 636, 0, 0, 0, 0, 0, 0, 0, 0, 0, 128, 764
"c:\Users\dell\WebstormProjects\ChoreChampion\chorechampion\CENTRALIZED_COOKIE_MANAGEMENT.md", "Markdown", 273, 0, 0, 0, 0, 0, 0, 0, 0, 0, 87, 360
"c:\Users\dell\WebstormProjects\ChoreChampion\chorechampion\CLIENT_RATE_LIMITING_ANALYSIS.md", "Markdown", 156, 0, 0, 0, 0, 0, 0, 0, 0, 0, 49, 205
"c:\Users\dell\WebstormProjects\ChoreChampion\chorechampion\COMPLETE_LOGIN_FIX.js", "JavaScript", 0, 23, 0, 0, 0, 0, 0, 0, 0, 90, 10, 123
"c:\Users\dell\WebstormProjects\ChoreChampion\chorechampion\COOKIE_CLEARING_BEST_PRACTICES.md", "Markdown", 132, 0, 0, 0, 0, 0, 0, 0, 0, 0, 47, 179
"c:\Users\dell\WebstormProjects\ChoreChampion\chorechampion\COOKIE_SECURITY_BEST_PRACTICES.md", "Markdown", 284, 0, 0, 0, 0, 0, 0, 0, 0, 0, 85, 369
"c:\Users\dell\WebstormProjects\ChoreChampion\chorechampion\DIAGNOSTIC_TESTING_PLAN.js", "JavaScript", 0, 19, 0, 0, 0, 0, 0, 0, 0, 138, 9, 166
"c:\Users\dell\WebstormProjects\ChoreChampion\chorechampion\DIRECT_CLASS_USAGE_SUCCESS.md", "Markdown", 55, 0, 0, 0, 0, 0, 0, 0, 0, 0, 20, 75
"c:\Users\dell\WebstormProjects\ChoreChampion\chorechampion\EMERGENCY_LOGIN_FIX.js", "JavaScript", 0, 18, 0, 0, 0, 0, 0, 0, 0, 75, 10, 103
"c:\Users\dell\WebstormProjects\ChoreChampion\chorechampion\ENHANCED_APP_PROVIDER_COMPATIBILITY.md", "Markdown", 135, 0, 0, 0, 0, 0, 0, 0, 0, 0, 55, 190
"c:\Users\dell\WebstormProjects\ChoreChampion\chorechampion\ENHANCED_APP_PROVIDER_REAL_ENDPOINT_STATUS.md", "Markdown", 100, 0, 0, 0, 0, 0, 0, 0, 0, 0, 44, 144
"c:\Users\dell\WebstormProjects\ChoreChampion\chorechampion\ENTERPRISE_ARCHITECTURE_GUIDE.md", "Markdown", 380, 0, 0, 0, 0, 0, 0, 0, 0, 0, 137, 517
"c:\Users\dell\WebstormProjects\ChoreChampion\chorechampion\ENTERPRISE_BADGE_INTEGRATION_COMPLETE.js", "JavaScript", 0, 170, 0, 0, 0, 0, 0, 0, 0, 141, 45, 356
"c:\Users\dell\WebstormProjects\ChoreChampion\chorechampion\ENTERPRISE_COMPONENT_EXTRACTION_ANALYSIS.md", "Markdown", 220, 0, 0, 0, 0, 0, 0, 0, 0, 0, 66, 286
"c:\Users\dell\WebstormProjects\ChoreChampion\chorechampion\ENTERPRISE_IMPLEMENTATION_SUCCESS.md", "Markdown", 151, 0, 0, 0, 0, 0, 0, 0, 0, 0, 72, 223
"c:\Users\dell\WebstormProjects\ChoreChampion\chorechampion\ENTERPRISE_MIGRATION_COMPLETE.md", "Markdown", 170, 0, 0, 0, 0, 0, 0, 0, 0, 0, 65, 235
"c:\Users\dell\WebstormProjects\ChoreChampion\chorechampion\ENTERPRISE_SIGNUP_COMPLETE.md", "Markdown", 240, 0, 0, 0, 0, 0, 0, 0, 0, 0, 78, 318
"c:\Users\dell\WebstormProjects\ChoreChampion\chorechampion\ENVIRONMENT_LOADING_TIMING_ANALYSIS.md", "Markdown", 163, 0, 0, 0, 0, 0, 0, 0, 0, 0, 63, 226
"c:\Users\dell\WebstormProjects\ChoreChampion\chorechampion\FETCHAUTH_VS_CLIENT_FEATURE_ANALYSIS.md", "Markdown", 229, 0, 0, 0, 0, 0, 0, 0, 0, 0, 69, 298
"c:\Users\dell\WebstormProjects\ChoreChampion\chorechampion\FINAL_VICTORY_LOGIN_WORKING.js", "JavaScript", 0, 32, 0, 0, 0, 0, 0, 0, 0, 116, 10, 158
"c:\Users\dell\WebstormProjects\ChoreChampion\chorechampion\FIXED_TOKEN_DELETION_ISSUE.js", "JavaScript", 0, 46, 0, 0, 0, 0, 0, 0, 0, 79, 14, 139
"c:\Users\dell\WebstormProjects\ChoreChampion\chorechampion\GET_ALL_TASKS_ENTERPRISE_REFACTOR_SUMMARY.js", "JavaScript", 0, 355, 0, 0, 0, 0, 0, 0, 0, 10, 4, 369
"c:\Users\dell\WebstormProjects\ChoreChampion\chorechampion\ICON_FIXES_COMPLETE.js", "JavaScript", 0, 65, 0, 0, 0, 0, 0, 0, 0, 14, 7, 86
"c:\Users\dell\WebstormProjects\ChoreChampion\chorechampion\INTERNAL_SERVER_ERROR_RESOLVED.js", "JavaScript", 0, 20, 0, 0, 0, 0, 0, 0, 0, 73, 10, 103
"c:\Users\dell\WebstormProjects\ChoreChampion\chorechampion\LEADERBOARD_IMPROVEMENTS_SUMMARY.md", "Markdown", 156, 0, 0, 0, 0, 0, 0, 0, 0, 0, 37, 193
"c:\Users\dell\WebstormProjects\ChoreChampion\chorechampion\LEADERBOARD_OPTIMIZATION_ANALYSIS.js", "JavaScript", 0, 1, 0, 0, 0, 0, 0, 0, 0, 174, 22, 197
"c:\Users\dell\WebstormProjects\ChoreChampion\chorechampion\LEADERBOARD_OPTIMIZATION_COMPLETE.js", "JavaScript", 0, 156, 0, 0, 0, 0, 0, 0, 0, 77, 29, 262
"c:\Users\dell\WebstormProjects\ChoreChampion\chorechampion\LOGIN_ACCESS_CRISIS_RESOLVED.js", "JavaScript", 0, 21, 0, 0, 0, 0, 0, 0, 0, 90, 10, 121
"c:\Users\dell\WebstormProjects\ChoreChampion\chorechampion\LOGIN_PAGE_ACCESS_FIXED.js", "JavaScript", 0, 40, 0, 0, 0, 0, 0, 0, 0, 103, 14, 157
"c:\Users\dell\WebstormProjects\ChoreChampion\chorechampion\LOGOUT_COOKIE_DECISION.md", "Markdown", 65, 0, 0, 0, 0, 0, 0, 0, 0, 0, 24, 89
"c:\Users\dell\WebstormProjects\ChoreChampion\chorechampion\LOGOUT_ENDPOINT_REFACTOR_SUCCESS.md", "Markdown", 59, 0, 0, 0, 0, 0, 0, 0, 0, 0, 23, 82
"c:\Users\dell\WebstormProjects\ChoreChampion\chorechampion\LOGOUT_FUNCTIONALITY_COMPLETE.js", "JavaScript", 0, 228, 0, 0, 0, 0, 0, 0, 0, 206, 24, 458
"c:\Users\dell\WebstormProjects\ChoreChampion\chorechampion\LOGOUT_IMPLEMENTATION_SUMMARY.js", "JavaScript", 0, 24, 0, 0, 0, 0, 0, 0, 0, 264, 4, 292
"c:\Users\dell\WebstormProjects\ChoreChampion\chorechampion\MIDDLEWARE_DEBUG_BYPASS.js", "JavaScript", 0, 20, 0, 0, 0, 0, 0, 0, 0, 96, 9, 125
"c:\Users\dell\WebstormProjects\ChoreChampion\chorechampion\MOBILE_BREAKPOINT_OPTIMIZATION.js", "JavaScript", 0, 256, 0, 0, 0, 0, 0, 0, 0, 74, 45, 375
"c:\Users\dell\WebstormProjects\ChoreChampion\chorechampion\NEXTJS15_COMPATIBILITY_FIX.js", "JavaScript", 0, 19, 0, 0, 0, 0, 0, 0, 0, 82, 10, 111
"c:\Users\dell\WebstormProjects\ChoreChampion\chorechampion\PHASE2_COMPLETE.js", "JavaScript", 0, 14, 0, 0, 0, 0, 0, 0, 0, 159, 16, 189
"c:\Users\dell\WebstormProjects\ChoreChampion\chorechampion\PHASE2_SUCCESS_CONFIRMED.js", "JavaScript", 0, 29, 0, 0, 0, 0, 0, 0, 0, 109, 16, 154
"c:\Users\dell\WebstormProjects\ChoreChampion\chorechampion\PHASE2_TESTING_GUIDE.js", "JavaScript", 0, 11, 0, 0, 0, 0, 0, 0, 0, 190, 17, 218
"c:\Users\dell\WebstormProjects\ChoreChampion\chorechampion\PRINCIPAL_ENGINEER_ARCHIVE_RESPONSIVE_IMPLEMENTATION.md", "Markdown", 327, 0, 0, 0, 0, 0, 0, 0, 0, 0, 116, 443
"c:\Users\dell\WebstormProjects\ChoreChampion\chorechampion\PRODUCTION_BEHAVIOR_RESTORED.js", "JavaScript", 0, 50, 0, 0, 0, 0, 0, 0, 0, 105, 15, 170
"c:\Users\dell\WebstormProjects\ChoreChampion\chorechampion\PRODUCTION_REDIS_CRISIS_RESOLVED.md", "Markdown", 114, 0, 0, 0, 0, 0, 0, 0, 0, 0, 47, 161
"c:\Users\dell\WebstormProjects\ChoreChampion\chorechampion\PROFESSIONAL_DROPDOWN_THEMING_SOLUTION.md", "Markdown", 258, 0, 0, 0, 0, 0, 0, 0, 0, 0, 101, 359
"c:\Users\dell\WebstormProjects\ChoreChampion\chorechampion\PROFESSIONAL_DROPDOWN_UX_ENHANCEMENT.md", "Markdown", 118, 0, 0, 0, 0, 0, 0, 0, 0, 0, 53, 171
"c:\Users\dell\WebstormProjects\ChoreChampion\chorechampion\RBAC_IMPLEMENTATION_COMPLETE.js", "JavaScript", 0, 19, 0, 0, 0, 0, 0, 0, 0, 172, 3, 194
"c:\Users\dell\WebstormProjects\ChoreChampion\chorechampion\README.md", "Markdown", 23, 0, 0, 0, 0, 0, 0, 0, 0, 0, 14, 37
"c:\Users\dell\WebstormProjects\ChoreChampion\chorechampion\REDIRECT_PREVENTION_FIX.js", "JavaScript", 0, 44, 0, 0, 0, 0, 0, 0, 0, 66, 13, 123
"c:\Users\dell\WebstormProjects\ChoreChampion\chorechampion\REDIS_CONFIGURATION_FIX_COMPLETE.md", "Markdown", 139, 0, 0, 0, 0, 0, 0, 0, 0, 0, 58, 197
"c:\Users\dell\WebstormProjects\ChoreChampion\chorechampion\REDIS_DEBUGGING_ANALYSIS.md", "Markdown", 116, 0, 0, 0, 0, 0, 0, 0, 0, 0, 47, 163
"c:\Users\dell\WebstormProjects\ChoreChampion\chorechampion\REDIS_ISSUE_RESOLVED_SUCCESS.md", "Markdown", 84, 0, 0, 0, 0, 0, 0, 0, 0, 0, 36, 120
"c:\Users\dell\WebstormProjects\ChoreChampion\chorechampion\REDIS_VARIABLE_REDUNDANCY_EXPLANATION.md", "Markdown", 158, 0, 0, 0, 0, 0, 0, 0, 0, 0, 53, 211
"c:\Users\dell\WebstormProjects\ChoreChampion\chorechampion\REDIS_WARNING_ANALYSIS_TASK_COMPLETION.md", "Markdown", 145, 0, 0, 0, 0, 0, 0, 0, 0, 0, 57, 202
"c:\Users\dell\WebstormProjects\ChoreChampion\chorechampion\REFRESHAPI_VS_COOKIESERVICE_ANALYSIS.md", "Markdown", 257, 0, 0, 0, 0, 0, 0, 0, 0, 0, 105, 362
"c:\Users\dell\WebstormProjects\ChoreChampion\chorechampion\RESPONSIVE_ARCHIVE_COMPLETE.js", "JavaScript", 0, 0, 0, 0, 0, 0, 0, 0, 0, 0, 1, 1
"c:\Users\dell\WebstormProjects\ChoreChampion\chorechampion\SCORE_ADJUSTMENTS_ONLY_CORRECTED.js", "JavaScript", 0, 13, 0, 0, 0, 0, 0, 0, 0, 132, 3, 148
"c:\Users\dell\WebstormProjects\ChoreChampion\chorechampion\SCORE_BUG_ANALYSIS.md", "Markdown", 42, 0, 0, 0, 0, 0, 0, 0, 0, 0, 23, 65
"c:\Users\dell\WebstormProjects\ChoreChampion\chorechampion\SCORE_ENDPOINTS_ENTERPRISE_REFACTOR_SUMMARY.js", "JavaScript", 0, 413, 0, 0, 0, 0, 0, 0, 0, 10, 4, 427
"c:\Users\dell\WebstormProjects\ChoreChampion\chorechampion\SCORE_PERSISTENCE_FIX_COMPLETE.js", "JavaScript", 0, 12, 0, 0, 0, 0, 0, 0, 0, 114, 3, 129
"c:\Users\dell\WebstormProjects\ChoreChampion\chorechampion\SERVER_SIDE_AUTH_OPTIMIZATION_COMPLETE.md", "Markdown", 96, 0, 0, 0, 0, 0, 0, 0, 0, 0, 35, 131
"c:\Users\dell\WebstormProjects\ChoreChampion\chorechampion\SERVER_SIDE_SCORE_LOADING_COMPLETE.js", "JavaScript", 0, 13, 0, 0, 0, 0, 0, 0, 0, 128, 3, 144
"c:\Users\dell\WebstormProjects\ChoreChampion\chorechampion\SMART_CONDITIONAL_AUTH_SUCCESS.js", "JavaScript", 0, 25, 0, 0, 0, 0, 0, 0, 0, 102, 11, 138
"c:\Users\dell\WebstormProjects\ChoreChampion\chorechampion\SMART_LOGOUT_SECURITY_FIX.js", "JavaScript", 0, 72, 0, 0, 0, 0, 0, 0, 0, 86, 20, 178
"c:\Users\dell\WebstormProjects\ChoreChampion\chorechampion\SYNTAX_FIXES_COMPLETE.js", "JavaScript", 0, 39, 0, 0, 0, 0, 0, 0, 0, 15, 8, 62
"c:\Users\dell\WebstormProjects\ChoreChampion\chorechampion\TASK_COMPLETION_ENTERPRISE_REFACTOR_SUMMARY.js", "JavaScript", 0, 395, 0, 0, 0, 0, 0, 0, 0, 10, 4, 409
"c:\Users\dell\WebstormProjects\ChoreChampion\chorechampion\TOKEN_DELETION_FIX_SUMMARY.js", "JavaScript", 0, 37, 0, 0, 0, 0, 0, 0, 0, 33, 6, 76
"c:\Users\dell\WebstormProjects\ChoreChampion\chorechampion\TOKEN_REFRESH_IMPLEMENTATION.md", "Markdown", 100, 0, 0, 0, 0, 0, 0, 0, 0, 0, 34, 134
"c:\Users\dell\WebstormProjects\ChoreChampion\chorechampion\TOKEN_STATUS_ENTERPRISE_REFACTOR.md", "Markdown", 213, 0, 0, 0, 0, 0, 0, 0, 0, 0, 81, 294
"c:\Users\dell\WebstormProjects\ChoreChampion\chorechampion\TOKEN_STATUS_REFACTOR_SUMMARY.md", "Markdown", 75, 0, 0, 0, 0, 0, 0, 0, 0, 0, 28, 103
"c:\Users\dell\WebstormProjects\ChoreChampion\chorechampion\ZERO_DELAY_LEADERBOARD_ACHIEVEMENT.js", "JavaScript", 0, 153, 0, 0, 0, 0, 0, 0, 0, 96, 33, 282
"c:\Users\dell\WebstormProjects\ChoreChampion\chorechampion\__mocks__\fileMock.js", "JavaScript", 0, 1, 0, 0, 0, 0, 0, 0, 0, 1, 1, 3
"c:\Users\dell\WebstormProjects\ChoreChampion\chorechampion\aggressive-badge-fix.html", "HTML", 0, 0, 0, 0, 0, 213, 0, 0, 0, 10, 11, 234
"c:\Users\dell\WebstormProjects\ChoreChampion\chorechampion\complete-auth-test.html", "HTML", 0, 0, 0, 0, 0, 317, 0, 0, 0, 0, 28, 345
"c:\Users\dell\WebstormProjects\ChoreChampion\chorechampion\components.json", "JSON", 0, 0, 0, 21, 0, 0, 0, 0, 0, 0, 0, 21
"c:\Users\dell\WebstormProjects\ChoreChampion\chorechampion\cookie-security-fix-summary.js", "JavaScript", 0, 73, 0, 0, 0, 0, 0, 0, 0, 5, 5, 83
"c:\Users\dell\WebstormProjects\ChoreChampion\chorechampion\customclasses-feature-showcase.html", "HTML", 0, 0, 0, 0, 0, 323, 0, 0, 0, 14, 25, 362
"c:\Users\dell\WebstormProjects\ChoreChampion\chorechampion\debug-redis.js", "JavaScript", 0, 41, 0, 0, 0, 0, 0, 0, 0, 4, 9, 54
"c:\Users\dell\WebstormProjects\ChoreChampion\chorechampion\debug-score.ts", "TypeScript", 0, 0, 71, 0, 0, 0, 0, 0, 0, 6, 15, 92
"c:\Users\dell\WebstormProjects\ChoreChampion\chorechampion\docs\ADDTASK_FETCHAUTH_REFACTOR.md", "Markdown", 315, 0, 0, 0, 0, 0, 0, 0, 0, 0, 77, 392
"c:\Users\dell\WebstormProjects\ChoreChampion\chorechampion\docs\ADJUSTSCORE_SECUREENDPOINT_REFACTOR.md", "Markdown", 260, 0, 0, 0, 0, 0, 0, 0, 0, 0, 55, 315
"c:\Users\dell\WebstormProjects\ChoreChampion\chorechampion\docs\BUG_FIX_SUMMARY.md", "Markdown", 84, 0, 0, 0, 0, 0, 0, 0, 0, 0, 24, 108
"c:\Users\dell\WebstormProjects\ChoreChampion\chorechampion\docs\COOKIE_DEBUGGING_GUIDE.md", "Markdown", 150, 0, 0, 0, 0, 0, 0, 0, 0, 0, 60, 210
"c:\Users\dell\WebstormProjects\ChoreChampion\chorechampion\docs\DEVELOPMENT_UTILITIES_GUIDE.md", "Markdown", 252, 0, 0, 0, 0, 0, 0, 0, 0, 0, 92, 344
"c:\Users\dell\WebstormProjects\ChoreChampion\chorechampion\docs\ENHANCED_RATE_LIMITING_GUIDE.md", "Markdown", 298, 0, 0, 0, 0, 0, 0, 0, 0, 0, 102, 400
"c:\Users\dell\WebstormProjects\ChoreChampion\chorechampion\docs\LOGIN_ENDPOINT_REFACTOR.md", "Markdown", 283, 0, 0, 0, 0, 0, 0, 0, 0, 0, 71, 354
"c:\Users\dell\WebstormProjects\ChoreChampion\chorechampion\docs\LOGOUT_ENDPOINT_REFACTOR.md", "Markdown", 287, 0, 0, 0, 0, 0, 0, 0, 0, 0, 71, 358
"c:\Users\dell\WebstormProjects\ChoreChampion\chorechampion\docs\PERMISSION_SYSTEM_EXPLANATION.md", "Markdown", 184, 0, 0, 0, 0, 0, 0, 0, 0, 0, 43, 227
"c:\Users\dell\WebstormProjects\ChoreChampion\chorechampion\docs\ROLE_SYSTEM_GUIDE.md", "Markdown", 227, 0, 0, 0, 0, 0, 0, 0, 0, 0, 52, 279
"c:\Users\dell\WebstormProjects\ChoreChampion\chorechampion\docs\SCORE_SERVICE_INTEGRATION.md", "Markdown", 287, 0, 0, 0, 0, 0, 0, 0, 0, 0, 107, 394
"c:\Users\dell\WebstormProjects\ChoreChampion\chorechampion\docs\SECURE_ENDPOINT_ENHANCEMENT_GUIDE.md", "Markdown", 269, 0, 0, 0, 0, 0, 0, 0, 0, 0, 61, 330
"c:\Users\dell\WebstormProjects\ChoreChampion\chorechampion\docs\TOKEN_REFRESH_IMPLEMENTATION.md", "Markdown", 127, 0, 0, 0, 0, 0, 0, 0, 0, 0, 41, 168
"c:\Users\dell\WebstormProjects\ChoreChampion\chorechampion\docs\blueprint.md", "Markdown", 16, 0, 0, 0, 0, 0, 0, 0, 0, 0, 4, 20
"c:\Users\dell\WebstormProjects\ChoreChampion\chorechampion\eslint.config.mjs", "JavaScript", 0, 12, 0, 0, 0, 0, 0, 0, 0, 0, 5, 17
"c:\Users\dell\WebstormProjects\ChoreChampion\chorechampion\examples\enhanced-addtask-example.ts", "TypeScript", 0, 0, 157, 0, 0, 0, 0, 0, 0, 75, 22, 254
"c:\Users\dell\WebstormProjects\ChoreChampion\chorechampion\examples\rate-limiting-migration-examples.ts", "TypeScript", 0, 0, 0, 0, 0, 0, 0, 0, 0, 297, 12, 309
"c:\Users\dell\WebstormProjects\ChoreChampion\chorechampion\examples\secure-addtask-example.ts", "TypeScript", 0, 0, 58, 0, 0, 0, 0, 0, 0, 51, 11, 120
"c:\Users\dell\WebstormProjects\ChoreChampion\chorechampion\frontend-token-management-strategy.js", "JavaScript", 0, 314, 0, 0, 0, 0, 0, 0, 0, 92, 57, 463
"c:\Users\dell\WebstormProjects\ChoreChampion\chorechampion\integration-roadmap.js", "JavaScript", 0, 156, 0, 0, 0, 0, 0, 0, 0, 7, 6, 169
"c:\Users\dell\WebstormProjects\ChoreChampion\chorechampion\jest.config.js", "JavaScript", 0, 46, 0, 0, 0, 0, 0, 0, 0, 15, 14, 75
"c:\Users\dell\WebstormProjects\ChoreChampion\chorechampion\jest.setup.js", "JavaScript", 0, 76, 0, 0, 0, 0, 0, 0, 0, 8, 8, 92
"c:\Users\dell\WebstormProjects\ChoreChampion\chorechampion\next.config.ts", "TypeScript", 0, 0, 28, 0, 0, 0, 0, 0, 0, 2, 4, 34
"c:\Users\dell\WebstormProjects\ChoreChampion\chorechampion\package-lock.json", "JSON", 0, 0, 0, 15133, 0, 0, 0, 0, 0, 0, 1, 15134
"c:\Users\dell\WebstormProjects\ChoreChampion\chorechampion\package.json", "JSON", 0, 0, 0, 96, 0, 0, 0, 0, 0, 0, 1, 97
"c:\Users\dell\WebstormProjects\ChoreChampion\chorechampion\phase2-integration-complete.js", "JavaScript", 0, 25, 0, 0, 0, 0, 0, 0, 0, 141, 13, 179
"c:\Users\dell\WebstormProjects\ChoreChampion\chorechampion\postcss.config.cjs", "JavaScript", 0, 6, 0, 0, 0, 0, 0, 0, 0, 0, 1, 7
"c:\Users\dell\WebstormProjects\ChoreChampion\chorechampion\public\file.svg", "XML", 0, 0, 0, 0, 1, 0, 0, 0, 0, 0, 0, 1
"c:\Users\dell\WebstormProjects\ChoreChampion\chorechampion\public\globe.svg", "XML", 0, 0, 0, 0, 1, 0, 0, 0, 0, 0, 0, 1
"c:\Users\dell\WebstormProjects\ChoreChampion\chorechampion\public\next.svg", "XML", 0, 0, 0, 0, 1, 0, 0, 0, 0, 0, 0, 1
"c:\Users\dell\WebstormProjects\ChoreChampion\chorechampion\public\vercel.svg", "XML", 0, 0, 0, 0, 1, 0, 0, 0, 0, 0, 0, 1
"c:\Users\dell\WebstormProjects\ChoreChampion\chorechampion\public\window.svg", "XML", 0, 0, 0, 0, 1, 0, 0, 0, 0, 0, 0, 1
"c:\Users\dell\WebstormProjects\ChoreChampion\chorechampion\redis-test.js", "JavaScript", 0, 21, 0, 0, 0, 0, 0, 0, 0, 4, 7, 32
"c:\Users\dell\WebstormProjects\ChoreChampion\chorechampion\src\ai\dev.ts", "TypeScript", 0, 0, 0, 0, 0, 0, 0, 0, 0, 1, 1, 2
"c:\Users\dell\WebstormProjects\ChoreChampion\chorechampion\src\ai\genkit.ts", "TypeScript", 0, 0, 6, 0, 0, 0, 0, 0, 0, 0, 2, 8
"c:\Users\dell\WebstormProjects\ChoreChampion\chorechampion\src\app\[locale]\archive\page.tsx", "TypeScript JSX", 0, 0, 0, 0, 0, 0, 0, 13, 0, 0, 8, 21
"c:\Users\dell\WebstormProjects\ChoreChampion\chorechampion\src\app\[locale]\badges\page.tsx", "TypeScript JSX", 0, 0, 0, 0, 0, 0, 0, 23, 0, 1, 3, 27
"c:\Users\dell\WebstormProjects\ChoreChampion\chorechampion\src\app\[locale]\layout.tsx", "TypeScript JSX", 0, 0, 0, 0, 0, 0, 0, 129, 0, 13, 24, 166
"c:\Users\dell\WebstormProjects\ChoreChampion\chorechampion\src\app\[locale]\leaderboard\page.tsx", "TypeScript JSX", 0, 0, 0, 0, 0, 0, 0, 23, 0, 0, 3, 26
"c:\Users\dell\WebstormProjects\ChoreChampion\chorechampion\src\app\[locale]\login\page.tsx", "TypeScript JSX", 0, 0, 0, 0, 0, 0, 0, 10, 0, 0, 3, 13
"c:\Users\dell\WebstormProjects\ChoreChampion\chorechampion\src\app\[locale]\page.tsx", "TypeScript JSX", 0, 0, 0, 0, 0, 0, 0, 12, 0, 0, 10, 22
"c:\Users\dell\WebstormProjects\ChoreChampion\chorechampion\src\app\[locale]\phase2-test\page.tsx", "TypeScript JSX", 0, 0, 0, 0, 0, 0, 0, 10, 0, 6, 3, 19
"c:\Users\dell\WebstormProjects\ChoreChampion\chorechampion\src\app\[locale]\signup\page.tsx", "TypeScript JSX", 0, 0, 0, 0, 0, 0, 0, 64, 0, 1, 8, 73
"c:\Users\dell\WebstormProjects\ChoreChampion\chorechampion\src\app\[locale]\simple-login\page.tsx", "TypeScript JSX", 0, 0, 0, 0, 0, 0, 0, 61, 0, 0, 4, 65
"c:\Users\dell\WebstormProjects\ChoreChampion\chorechampion\src\app\[locale]\test-auth\page.tsx", "TypeScript JSX", 0, 0, 0, 0, 0, 0, 0, 4, 0, 7, 3, 14
"c:\Users\dell\WebstormProjects\ChoreChampion\chorechampion\src\app\[locale]\test\page.tsx", "TypeScript JSX", 0, 0, 0, 0, 0, 0, 0, 21, 0, 0, 2, 23
"c:\Users\dell\WebstormProjects\ChoreChampion\chorechampion\src\app\api\AddTask\route.ts", "TypeScript", 0, 0, 89, 0, 0, 0, 0, 0, 0, 11, 12, 112
"c:\Users\dell\WebstormProjects\ChoreChampion\chorechampion\src\app\api\AdjustScore\route.ts", "TypeScript", 0, 0, 144, 0, 0, 0, 0, 0, 0, 15, 15, 174
"c:\Users\dell\WebstormProjects\ChoreChampion\chorechampion\src\app\api\AdjustScore\secure-route.ts", "TypeScript", 0, 0, 330, 0, 0, 0, 0, 0, 0, 57, 53, 440
"c:\Users\dell\WebstormProjects\ChoreChampion\chorechampion\src\app\api\ConfirmCompletion\route.ts", "TypeScript", 0, 0, 132, 0, 0, 0, 0, 0, 0, 34, 16, 182
"c:\Users\dell\WebstormProjects\ChoreChampion\chorechampion\src\app\api\ConfirmResetCompletion\route.ts", "TypeScript", 0, 0, 97, 0, 0, 0, 0, 0, 0, 4, 11, 112
"c:\Users\dell\WebstormProjects\ChoreChampion\chorechampion\src\app\api\GetAllTasks\route.ts", "TypeScript", 0, 0, 103, 0, 0, 0, 0, 0, 0, 27, 13, 143
"c:\Users\dell\WebstormProjects\ChoreChampion\chorechampion\src\app\api\InitiateCompletion\route.ts", "TypeScript", 0, 0, 168, 0, 0, 0, 0, 0, 0, 35, 20, 223
"c:\Users\dell\WebstormProjects\ChoreChampion\chorechampion\src\app\api\InternalCompletionResetTrigger\route.ts", "TypeScript", 0, 0, 36, 0, 0, 0, 0, 0, 0, 2, 9, 47
"c:\Users\dell\WebstormProjects\ChoreChampion\chorechampion\src\app\api\ResetCompletionScanning\route.ts", "TypeScript", 0, 0, 95, 0, 0, 0, 0, 0, 0, 28, 18, 141
"c:\Users\dell\WebstormProjects\ChoreChampion\chorechampion\src\app\api\auth\login\route.ts", "TypeScript", 0, 0, 104, 0, 0, 0, 0, 0, 0, 11, 12, 127
"c:\Users\dell\WebstormProjects\ChoreChampion\chorechampion\src\app\api\auth\logout\route.ts", "TypeScript", 0, 0, 220, 0, 0, 0, 0, 0, 0, 25, 30, 275
"c:\Users\dell\WebstormProjects\ChoreChampion\chorechampion\src\app\api\auth\refresh\route.ts", "TypeScript", 0, 0, 129, 0, 0, 0, 0, 0, 0, 22, 12, 163
"c:\Users\dell\WebstormProjects\ChoreChampion\chorechampion\src\app\api\auth\signup\route.ts", "TypeScript", 0, 0, 124, 0, 0, 0, 0, 0, 0, 20, 15, 159
"c:\Users\dell\WebstormProjects\ChoreChampion\chorechampion\src\app\api\auth\token-status\route.ts", "TypeScript", 0, 0, 172, 0, 0, 0, 0, 0, 0, 33, 17, 222
"c:\Users\dell\WebstormProjects\ChoreChampion\chorechampion\src\app\api\auth\user-info\route.ts", "TypeScript", 0, 0, 58, 0, 0, 0, 0, 0, 0, 20, 10, 88
"c:\Users\dell\WebstormProjects\ChoreChampion\chorechampion\src\app\api\debug\auth-test\route.ts", "TypeScript", 0, 0, 66, 0, 0, 0, 0, 0, 0, 6, 8, 80
"c:\Users\dell\WebstormProjects\ChoreChampion\chorechampion\src\app\api\debug\redis\route.ts", "TypeScript", 0, 0, 89, 0, 0, 0, 0, 0, 0, 16, 10, 115
"c:\Users\dell\WebstormProjects\ChoreChampion\chorechampion\src\app\api\debug\refresh\route.ts", "TypeScript", 0, 0, 124, 0, 0, 0, 0, 0, 0, 8, 15, 147
"c:\Users\dell\WebstormProjects\ChoreChampion\chorechampion\src\app\api\debug\route.ts", "TypeScript", 0, 0, 209, 0, 0, 0, 0, 0, 0, 6, 26, 241
"c:\Users\dell\WebstormProjects\ChoreChampion\chorechampion\src\app\api\debug\user-info\route.ts", "TypeScript", 0, 0, 22, 0, 0, 0, 0, 0, 0, 1, 2, 25
"c:\Users\dell\WebstormProjects\ChoreChampion\chorechampion\src\app\api\kv\route.ts", "TypeScript", 0, 0, 13, 0, 0, 0, 0, 0, 0, 0, 3, 16
"c:\Users\dell\WebstormProjects\ChoreChampion\chorechampion\src\app\api\leaderboard\route.ts", "TypeScript", 0, 0, 376, 0, 0, 0, 0, 0, 0, 53, 42, 471
"c:\Users\dell\WebstormProjects\ChoreChampion\chorechampion\src\app\api\score\[userId]\route.ts", "TypeScript", 0, 0, 147, 0, 0, 0, 0, 0, 0, 31, 18, 196
"c:\Users\dell\WebstormProjects\ChoreChampion\chorechampion\src\app\api\score\[userId]\scoreLog\route.ts", "TypeScript", 0, 0, 220, 0, 0, 0, 0, 0, 0, 33, 24, 277
"c:\Users\dell\WebstormProjects\ChoreChampion\chorechampion\src\app\api\test-badges\route.ts", "TypeScript", 0, 0, 39, 0, 0, 0, 0, 0, 0, 8, 12, 59
"c:\Users\dell\WebstormProjects\ChoreChampion\chorechampion\src\app\archive\page.tsx", "TypeScript JSX", 0, 0, 0, 0, 0, 0, 0, 4, 0, 0, 2, 6
"c:\Users\dell\WebstormProjects\ChoreChampion\chorechampion\src\app\debug\redis\page.tsx", "TypeScript JSX", 0, 0, 0, 0, 0, 0, 0, 177, 0, 1, 15, 193
"c:\Users\dell\WebstormProjects\ChoreChampion\chorechampion\src\app\globals.css", "PostCSS", 0, 0, 0, 0, 0, 0, 0, 0, 189, 19, 21, 229
"c:\Users\dell\WebstormProjects\ChoreChampion\chorechampion\src\app\layout.tsx", "TypeScript JSX", 0, 0, 0, 0, 0, 0, 0, 44, 0, 20, 3, 67
"c:\Users\dell\WebstormProjects\ChoreChampion\chorechampion\src\app\page.tsx", "TypeScript JSX", 0, 0, 0, 0, 0, 0, 0, 4, 0, 0, 2, 6
"c:\Users\dell\WebstormProjects\ChoreChampion\chorechampion\src\app\test-auth\page.tsx", "TypeScript JSX", 0, 0, 0, 0, 0, 0, 0, 0, 0, 0, 1, 1
"c:\Users\dell\WebstormProjects\ChoreChampion\chorechampion\src\components\__tests__\archive-main.test.tsx", "TypeScript JSX", 0, 0, 0, 0, 0, 0, 0, 263, 0, 22, 47, 332
"c:\Users\dell\WebstormProjects\ChoreChampion\chorechampion\src\components\__tests__\archive-table-simple.test.tsx", "TypeScript JSX", 0, 0, 0, 0, 0, 0, 0, 98, 0, 15, 20, 133
"c:\Users\dell\WebstormProjects\ChoreChampion\chorechampion\src\components\__tests__\archive-table.test.tsx", "TypeScript JSX", 0, 0, 0, 0, 0, 0, 0, 195, 0, 22, 38, 255
"c:\Users\dell\WebstormProjects\ChoreChampion\chorechampion\src\components\add-task-dialog.tsx", "TypeScript JSX", 0, 0, 0, 0, 0, 0, 0, 233, 0, 8, 22, 263
"c:\Users\dell\WebstormProjects\ChoreChampion\chorechampion\src\components\archive-main.tsx", "TypeScript JSX", 0, 0, 0, 0, 0, 0, 0, 189, 0, 13, 22, 224
"c:\Users\dell\WebstormProjects\ChoreChampion\chorechampion\src\components\archive-table.tsx", "TypeScript JSX", 0, 0, 0, 0, 0, 0, 0, 470, 0, 20, 24, 514
"c:\Users\dell\WebstormProjects\ChoreChampion\chorechampion\src\components\auth-guard-example.tsx", "TypeScript JSX", 0, 0, 0, 0, 0, 0, 0, 216, 0, 29, 33, 278
"c:\Users\dell\WebstormProjects\ChoreChampion\chorechampion\src\components\auth-wrapper.tsx", "TypeScript JSX", 0, 0, 0, 0, 0, 0, 0, 112, 0, 15, 25, 152
"c:\Users\dell\WebstormProjects\ChoreChampion\chorechampion\src\components\conditional-app-provider.tsx", "TypeScript JSX", 0, 0, 0, 0, 0, 0, 0, 49, 0, 5, 11, 65
"c:\Users\dell\WebstormProjects\ChoreChampion\chorechampion\src\components\dashboard.tsx", "TypeScript JSX", 0, 0, 0, 0, 0, 0, 0, 318, 0, 13, 22, 353
"c:\Users\dell\WebstormProjects\ChoreChampion\chorechampion\src\components\enhanced-archive.tsx", "TypeScript JSX", 0, 0, 0, 0, 0, 0, 0, 316, 0, 34, 40, 390
"c:\Users\dell\WebstormProjects\ChoreChampion\chorechampion\src\components\enhanced-leaderboard.tsx", "TypeScript JSX", 0, 0, 0, 0, 0, 0, 0, 284, 0, 25, 27, 336
"c:\Users\dell\WebstormProjects\ChoreChampion\chorechampion\src\components\enhanced-member-card.tsx", "TypeScript JSX", 0, 0, 0, 0, 0, 0, 0, 184, 0, 27, 21, 232
"c:\Users\dell\WebstormProjects\ChoreChampion\chorechampion\src\components\header.tsx", "TypeScript JSX", 0, 0, 0, 0, 0, 0, 0, 221, 0, 19, 23, 263
"c:\Users\dell\WebstormProjects\ChoreChampion\chorechampion\src\components\language-switcher.tsx", "TypeScript JSX", 0, 0, 0, 0, 0, 0, 0, 49, 0, 0, 5, 54
"c:\Users\dell\WebstormProjects\ChoreChampion\chorechampion\src\components\leaderboard-clean.tsx", "TypeScript JSX", 0, 0, 0, 0, 0, 0, 0, 30, 0, 1, 6, 37
"c:\Users\dell\WebstormProjects\ChoreChampion\chorechampion\src\components\leaderboard.tsx", "TypeScript JSX", 0, 0, 0, 0, 0, 0, 0, 796, 0, 42, 67, 905
"c:\Users\dell\WebstormProjects\ChoreChampion\chorechampion\src\components\loading-spinner.tsx", "TypeScript JSX", 0, 0, 0, 0, 0, 0, 0, 7, 0, 0, 2, 9
"c:\Users\dell\WebstormProjects\ChoreChampion\chorechampion\src\components\login-form.tsx", "TypeScript JSX", 0, 0, 0, 0, 0, 0, 0, 236, 0, 16, 19, 271
"c:\Users\dell\WebstormProjects\ChoreChampion\chorechampion\src\components\login-page-client.tsx", "TypeScript JSX", 0, 0, 0, 0, 0, 0, 0, 222, 0, 17, 22, 261
"c:\Users\dell\WebstormProjects\ChoreChampion\chorechampion\src\components\overall-progress-chart.tsx", "TypeScript JSX", 0, 0, 0, 0, 0, 0, 0, 60, 0, 0, 8, 68
"c:\Users\dell\WebstormProjects\ChoreChampion\chorechampion\src\components\pages\BadgePage.tsx", "TypeScript JSX", 0, 0, 0, 0, 0, 0, 0, 406, 0, 35, 35, 476
"c:\Users\dell\WebstormProjects\ChoreChampion\chorechampion\src\components\performance-summary.tsx", "TypeScript JSX", 0, 0, 0, 0, 0, 0, 0, 116, 0, 4, 10, 130
"c:\Users\dell\WebstormProjects\ChoreChampion\chorechampion\src\components\phase2-auth-test.tsx", "TypeScript JSX", 0, 0, 0, 0, 0, 0, 0, 297, 0, 18, 31, 346
"c:\Users\dell\WebstormProjects\ChoreChampion\chorechampion\src\components\responsive-archive-table.tsx", "TypeScript JSX", 0, 0, 0, 0, 0, 0, 0, 0, 0, 0, 1, 1
"c:\Users\dell\WebstormProjects\ChoreChampion\chorechampion\src\components\signup-form.tsx", "TypeScript JSX", 0, 0, 0, 0, 0, 0, 0, 158, 0, 4, 8, 170
"c:\Users\dell\WebstormProjects\ChoreChampion\chorechampion\src\components\step2-auth-test.tsx", "TypeScript JSX", 0, 0, 0, 0, 0, 0, 0, 134, 0, 14, 16, 164
"c:\Users\dell\WebstormProjects\ChoreChampion\chorechampion\src\components\task-list.tsx", "TypeScript JSX", 0, 0, 0, 0, 0, 0, 0, 342, 0, 26, 45, 413
"c:\Users\dell\WebstormProjects\ChoreChampion\chorechampion\src\components\theme-provider.tsx", "TypeScript JSX", 0, 0, 0, 0, 0, 0, 0, 7, 0, 0, 3, 10
"c:\Users\dell\WebstormProjects\ChoreChampion\chorechampion\src\components\theme-toggle.tsx", "TypeScript JSX", 0, 0, 0, 0, 0, 0, 0, 64, 0, 0, 5, 69
"c:\Users\dell\WebstormProjects\ChoreChampion\chorechampion\src\components\ui\__tests__\last-updated.test.tsx", "TypeScript JSX", 0, 0, 0, 0, 0, 0, 0, 228, 0, 5, 48, 281
"c:\Users\dell\WebstormProjects\ChoreChampion\chorechampion\src\components\ui\__tests__\soon-badge.test.tsx", "TypeScript JSX", 0, 0, 0, 0, 0, 0, 0, 99, 0, 2, 24, 125
"c:\Users\dell\WebstormProjects\ChoreChampion\chorechampion\src\components\ui\accordion.tsx", "TypeScript JSX", 0, 0, 0, 0, 0, 0, 0, 50, 0, 0, 9, 59
"c:\Users\dell\WebstormProjects\ChoreChampion\chorechampion\src\components\ui\alert-dialog.tsx", "TypeScript JSX", 0, 0, 0, 0, 0, 0, 0, 127, 0, 0, 15, 142
"c:\Users\dell\WebstormProjects\ChoreChampion\chorechampion\src\components\ui\alert.tsx", "TypeScript JSX", 0, 0, 0, 0, 0, 0, 0, 53, 0, 0, 7, 60
"c:\Users\dell\WebstormProjects\ChoreChampion\chorechampion\src\components\ui\avatar.tsx", "TypeScript JSX", 0, 0, 0, 0, 0, 0, 0, 44, 0, 0, 7, 51
"c:\Users\dell\WebstormProjects\ChoreChampion\chorechampion\src\components\ui\badge-display.tsx", "TypeScript JSX", 0, 0, 0, 0, 0, 0, 0, 453, 0, 36, 41, 530
"c:\Users\dell\WebstormProjects\ChoreChampion\chorechampion\src\components\ui\badge.tsx", "TypeScript JSX", 0, 0, 0, 0, 0, 0, 0, 31, 0, 0, 6, 37
"c:\Users\dell\WebstormProjects\ChoreChampion\chorechampion\src\components\ui\button.tsx", "TypeScript JSX", 0, 0, 0, 0, 0, 0, 0, 51, 0, 0, 6, 57
"c:\Users\dell\WebstormProjects\ChoreChampion\chorechampion\src\components\ui\calendar.tsx", "TypeScript JSX", 0, 0, 0, 0, 0, 0, 0, 65, 0, 0, 6, 71
"c:\Users\dell\WebstormProjects\ChoreChampion\chorechampion\src\components\ui\card.tsx", "TypeScript JSX", 0, 0, 0, 0, 0, 0, 0, 71, 0, 0, 9, 80
"c:\Users\dell\WebstormProjects\ChoreChampion\chorechampion\src\components\ui\carousel.tsx", "TypeScript JSX", 0, 0, 0, 0, 0, 0, 0, 232, 0, 0, 31, 263
"c:\Users\dell\WebstormProjects\ChoreChampion\chorechampion\src\components\ui\chart.tsx", "TypeScript JSX", 0, 0, 0, 0, 0, 0, 0, 327, 0, 2, 37, 366
"c:\Users\dell\WebstormProjects\ChoreChampion\chorechampion\src\components\ui\checkbox.tsx", "TypeScript JSX", 0, 0, 0, 0, 0, 0, 0, 26, 0, 0, 5, 31
"c:\Users\dell\WebstormProjects\ChoreChampion\chorechampion\src\components\ui\collapsible.tsx", "TypeScript JSX", 0, 0, 0, 0, 0, 0, 0, 6, 0, 0, 6, 12
"c:\Users\dell\WebstormProjects\ChoreChampion\chorechampion\src\components\ui\dialog.tsx", "TypeScript JSX", 0, 0, 0, 0, 0, 0, 0, 109, 0, 0, 14, 123
"c:\Users\dell\WebstormProjects\ChoreChampion\chorechampion\src\components\ui\dropdown-menu.tsx", "TypeScript JSX", 0, 0, 0, 0, 0, 0, 0, 201, 0, 21, 19, 241
"c:\Users\dell\WebstormProjects\ChoreChampion\chorechampion\src\components\ui\form.tsx", "TypeScript JSX", 0, 0, 0, 0, 0, 0, 0, 153, 0, 0, 26, 179
"c:\Users\dell\WebstormProjects\ChoreChampion\chorechampion\src\components\ui\input.tsx", "TypeScript JSX", 0, 0, 0, 0, 0, 0, 0, 19, 0, 0, 4, 23
"c:\Users\dell\WebstormProjects\ChoreChampion\chorechampion\src\components\ui\label.tsx", "TypeScript JSX", 0, 0, 0, 0, 0, 0, 0, 21, 0, 0, 6, 27
"c:\Users\dell\WebstormProjects\ChoreChampion\chorechampion\src\components\ui\last-updated.stories.tsx", "TypeScript JSX", 0, 0, 0, 0, 0, 0, 0, 245, 0, 12, 15, 272
"c:\Users\dell\WebstormProjects\ChoreChampion\chorechampion\src\components\ui\last-updated.tsx", "TypeScript JSX", 0, 0, 0, 0, 0, 0, 0, 85, 0, 43, 14, 142
"c:\Users\dell\WebstormProjects\ChoreChampion\chorechampion\src\components\ui\menubar.tsx", "TypeScript JSX", 0, 0, 0, 0, 0, 0, 0, 237, 0, 0, 20, 257
"c:\Users\dell\WebstormProjects\ChoreChampion\chorechampion\src\components\ui\popover.tsx", "TypeScript JSX", 0, 0, 0, 0, 0, 0, 0, 25, 0, 0, 7, 32
"c:\Users\dell\WebstormProjects\ChoreChampion\chorechampion\src\components\ui\progress.tsx", "TypeScript JSX", 0, 0, 0, 0, 0, 0, 0, 51, 0, 2, 6, 59
"c:\Users\dell\WebstormProjects\ChoreChampion\chorechampion\src\components\ui\radio-group.tsx", "TypeScript JSX", 0, 0, 0, 0, 0, 0, 0, 39, 0, 0, 6, 45
"c:\Users\dell\WebstormProjects\ChoreChampion\chorechampion\src\components\ui\scroll-area.tsx", "TypeScript JSX", 0, 0, 0, 0, 0, 0, 0, 43, 0, 0, 6, 49
"c:\Users\dell\WebstormProjects\ChoreChampion\chorechampion\src\components\ui\select.tsx", "TypeScript JSX", 0, 0, 0, 0, 0, 0, 0, 146, 0, 0, 15, 161
"c:\Users\dell\WebstormProjects\ChoreChampion\chorechampion\src\components\ui\separator.tsx", "TypeScript JSX", 0, 0, 0, 0, 0, 0, 0, 27, 0, 0, 5, 32
"c:\Users\dell\WebstormProjects\ChoreChampion\chorechampion\src\components\ui\sheet.tsx", "TypeScript JSX", 0, 0, 0, 0, 0, 0, 0, 125, 0, 0, 16, 141
"c:\Users\dell\WebstormProjects\ChoreChampion\chorechampion\src\components\ui\sidebar.tsx", "TypeScript JSX", 0, 0, 0, 0, 0, 0, 0, 697, 0, 12, 55, 764
"c:\Users\dell\WebstormProjects\ChoreChampion\chorechampion\src\components\ui\skeleton.tsx", "TypeScript JSX", 0, 0, 0, 0, 0, 0, 0, 13, 0, 0, 3, 16
"c:\Users\dell\WebstormProjects\ChoreChampion\chorechampion\src\components\ui\slider.tsx", "TypeScript JSX", 0, 0, 0, 0, 0, 0, 0, 24, 0, 0, 5, 29
"c:\Users\dell\WebstormProjects\ChoreChampion\chorechampion\src\components\ui\soon-badge.stories.tsx", "TypeScript JSX", 0, 0, 0, 0, 0, 0, 0, 335, 0, 1, 14, 350
"c:\Users\dell\WebstormProjects\ChoreChampion\chorechampion\src\components\ui\soon-badge.tsx", "TypeScript JSX", 0, 0, 0, 0, 0, 0, 0, 195, 0, 63, 36, 294
"c:\Users\dell\WebstormProjects\ChoreChampion\chorechampion\src\components\ui\switch.tsx", "TypeScript JSX", 0, 0, 0, 0, 0, 0, 0, 25, 0, 0, 5, 30
"c:\Users\dell\WebstormProjects\ChoreChampion\chorechampion\src\components\ui\table.tsx", "TypeScript JSX", 0, 0, 0, 0, 0, 0, 0, 107, 0, 0, 11, 118
"c:\Users\dell\WebstormProjects\ChoreChampion\chorechampion\src\components\ui\tabs.tsx", "TypeScript JSX", 0, 0, 0, 0, 0, 0, 0, 48, 0, 0, 8, 56
"c:\Users\dell\WebstormProjects\ChoreChampion\chorechampion\src\components\ui\textarea.tsx", "TypeScript JSX", 0, 0, 0, 0, 0, 0, 0, 18, 0, 0, 4, 22
"c:\Users\dell\WebstormProjects\ChoreChampion\chorechampion\src\components\ui\toast.tsx", "TypeScript JSX", 0, 0, 0, 0, 0, 0, 0, 118, 0, 0, 14, 132
"c:\Users\dell\WebstormProjects\ChoreChampion\chorechampion\src\components\ui\toaster.tsx", "TypeScript JSX", 0, 0, 0, 0, 0, 0, 0, 32, 0, 0, 4, 36
"c:\Users\dell\WebstormProjects\ChoreChampion\chorechampion\src\components\ui\tooltip.tsx", "TypeScript JSX", 0, 0, 0, 0, 0, 0, 0, 23, 0, 0, 8, 31
"c:\Users\dell\WebstormProjects\ChoreChampion\chorechampion\src\context\app-provider.tsx", "TypeScript JSX", 0, 0, 0, 0, 0, 0, 0, 312, 0, 35, 51, 398
"c:\Users\dell\WebstormProjects\ChoreChampion\chorechampion\src\context\enhanced-app-provider.tsx", "TypeScript JSX", 0, 0, 0, 0, 0, 0, 0, 357, 0, 39, 58, 454
"c:\Users\dell\WebstormProjects\ChoreChampion\chorechampion\src\data\seed.ts", "TypeScript", 0, 0, 93, 0, 0, 0, 0, 0, 0, 1, 6, 100
"c:\Users\dell\WebstormProjects\ChoreChampion\chorechampion\src\hooks\use-local-storage.ts", "TypeScript", 0, 0, 28, 0, 0, 0, 0, 0, 0, 5, 6, 39
"c:\Users\dell\WebstormProjects\ChoreChampion\chorechampion\src\hooks\use-mobile.tsx", "TypeScript JSX", 0, 0, 0, 0, 0, 0, 0, 15, 0, 3, 5, 23
"c:\Users\dell\WebstormProjects\ChoreChampion\chorechampion\src\hooks\use-toast.ts", "TypeScript", 0, 0, 162, 0, 0, 0, 0, 0, 0, 3, 32, 197
"c:\Users\dell\WebstormProjects\ChoreChampion\chorechampion\src\hooks\useAuthenticationGuard.ts", "TypeScript", 0, 0, 380, 0, 0, 0, 0, 0, 0, 76, 87, 543
"c:\Users\dell\WebstormProjects\ChoreChampion\chorechampion\src\hooks\useBadges.ts", "TypeScript", 0, 0, 312, 0, 0, 0, 0, 0, 0, 37, 56, 405
"c:\Users\dell\WebstormProjects\ChoreChampion\chorechampion\src\hooks\useScoreSync.ts", "TypeScript", 0, 0, 159, 0, 0, 0, 0, 0, 0, 46, 36, 241
"c:\Users\dell\WebstormProjects\ChoreChampion\chorechampion\src\hooks\useUserRole.ts", "TypeScript", 0, 0, 37, 0, 0, 0, 0, 0, 0, 30, 9, 76
"c:\Users\dell\WebstormProjects\ChoreChampion\chorechampion\src\i18n.ts", "TypeScript", 0, 0, 14, 0, 0, 0, 0, 0, 0, 2, 5, 21
"c:\Users\dell\WebstormProjects\ChoreChampion\chorechampion\src\lib\api-client.ts", "TypeScript", 0, 0, 138, 0, 0, 0, 0, 0, 0, 13, 24, 175
"c:\Users\dell\WebstormProjects\ChoreChampion\chorechampion\src\lib\api.ts", "TypeScript", 0, 0, 55, 0, 0, 0, 0, 0, 0, 6, 6, 67
"c:\Users\dell\WebstormProjects\ChoreChampion\chorechampion\src\lib\api\client.ts", "TypeScript", 0, 0, 630, 0, 0, 0, 0, 0, 0, 115, 98, 843
"c:\Users\dell\WebstormProjects\ChoreChampion\chorechampion\src\lib\api\scoreService.ts", "TypeScript", 0, 0, 274, 0, 0, 0, 0, 0, 0, 60, 43, 377
"c:\Users\dell\WebstormProjects\ChoreChampion\chorechampion\src\lib\api\smartApiClient.ts", "TypeScript", 0, 0, 0, 0, 0, 0, 0, 0, 0, 0, 1, 1
"c:\Users\dell\WebstormProjects\ChoreChampion\chorechampion\src\lib\api\useSmartApi.ts", "TypeScript", 0, 0, 0, 0, 0, 0, 0, 0, 0, 0, 1, 1
"c:\Users\dell\WebstormProjects\ChoreChampion\chorechampion\src\lib\auth\INTEGRATION_GUIDE.md", "Markdown", 312, 0, 0, 0, 0, 0, 0, 0, 0, 0, 81, 393
"c:\Users\dell\WebstormProjects\ChoreChampion\chorechampion\src\lib\auth\cookieService.ts", "TypeScript", 0, 0, 142, 0, 0, 0, 0, 0, 0, 39, 26, 207
"c:\Users\dell\WebstormProjects\ChoreChampion\chorechampion\src\lib\auth\debug-cookies.ts", "TypeScript", 0, 0, 145, 0, 0, 0, 0, 0, 0, 18, 28, 191
"c:\Users\dell\WebstormProjects\ChoreChampion\chorechampion\src\lib\auth\fetchWithAuth.examples.ts", "TypeScript", 0, 0, 323, 0, 0, 0, 0, 0, 0, 102, 66, 491
"c:\Users\dell\WebstormProjects\ChoreChampion\chorechampion\src\lib\auth\fetchWithAuth.test.ts", "TypeScript", 0, 0, 55, 0, 0, 0, 0, 0, 0, 162, 15, 232
"c:\Users\dell\WebstormProjects\ChoreChampion\chorechampion\src\lib\auth\fetchWithAuth.ts", "TypeScript", 0, 0, 428, 0, 0, 0, 0, 0, 0, 88, 55, 571
"c:\Users\dell\WebstormProjects\ChoreChampion\chorechampion\src\lib\auth\jwt\README.md", "Markdown", 172, 0, 0, 0, 0, 0, 0, 0, 0, 0, 68, 240
"c:\Users\dell\WebstormProjects\ChoreChampion\chorechampion\src\lib\auth\jwt\jwt.ts", "TypeScript", 0, 0, 50, 0, 0, 0, 0, 0, 0, 0, 7, 57
"c:\Users\dell\WebstormProjects\ChoreChampion\chorechampion\src\lib\auth\jwt\refreshApiAdapter.ts", "TypeScript", 0, 0, 198, 0, 0, 0, 0, 0, 0, 39, 37, 274
"c:\Users\dell\WebstormProjects\ChoreChampion\chorechampion\src\lib\auth\jwt\refreshTokenService.ts", "TypeScript", 0, 0, 75, 0, 0, 0, 0, 0, 0, 18, 15, 108
"c:\Users\dell\WebstormProjects\ChoreChampion\chorechampion\src\lib\auth\jwt\usageExamples.ts", "TypeScript", 0, 0, 147, 0, 0, 0, 0, 0, 0, 61, 32, 240
"c:\Users\dell\WebstormProjects\ChoreChampion\chorechampion\src\lib\auth\loginService.ts", "TypeScript", 0, 0, 18, 0, 0, 0, 0, 0, 0, 3, 5, 26
"c:\Users\dell\WebstormProjects\ChoreChampion\chorechampion\src\lib\auth\rateLimiter.ts", "TypeScript", 0, 0, 223, 0, 0, 0, 0, 0, 0, 65, 39, 327
"c:\Users\dell\WebstormProjects\ChoreChampion\chorechampion\src\lib\auth\requireAuth.ts", "TypeScript", 0, 0, 55, 0, 0, 0, 0, 0, 0, 6, 9, 70
"c:\Users\dell\WebstormProjects\ChoreChampion\chorechampion\src\lib\auth\security-test.ts", "TypeScript", 0, 0, 140, 0, 0, 0, 0, 0, 0, 22, 17, 179
"c:\Users\dell\WebstormProjects\ChoreChampion\chorechampion\src\lib\auth\signupService.ts", "TypeScript", 0, 0, 333, 0, 0, 0, 0, 0, 0, 62, 46, 441
"c:\Users\dell\WebstormProjects\ChoreChampion\chorechampion\src\lib\completionDateCache.ts", "TypeScript", 0, 0, 133, 0, 0, 0, 0, 0, 0, 40, 25, 198
"c:\Users\dell\WebstormProjects\ChoreChampion\chorechampion\src\lib\completionDateService.ts", "TypeScript", 0, 0, 114, 0, 0, 0, 0, 0, 0, 19, 21, 154
"c:\Users\dell\WebstormProjects\ChoreChampion\chorechampion\src\lib\config\environment.ts", "TypeScript", 0, 0, 0, 0, 0, 0, 0, 0, 0, 0, 1, 1
"c:\Users\dell\WebstormProjects\ChoreChampion\chorechampion\src\lib\database\user-repository.ts", "TypeScript", 0, 0, 395, 0, 0, 0, 0, 0, 0, 99, 46, 540
"c:\Users\dell\WebstormProjects\ChoreChampion\chorechampion\src\lib\design-system\colors.ts", "TypeScript", 0, 0, 201, 0, 0, 0, 0, 0, 0, 17, 20, 238
"c:\Users\dell\WebstormProjects\ChoreChampion\chorechampion\src\lib\design-system\responsive-archive.ts", "TypeScript", 0, 0, 186, 0, 0, 0, 0, 0, 0, 44, 42, 272
"c:\Users\dell\WebstormProjects\ChoreChampion\chorechampion\src\lib\design-system\theme-utils.ts", "TypeScript", 0, 0, 291, 0, 0, 0, 0, 0, 0, 15, 16, 322
"c:\Users\dell\WebstormProjects\ChoreChampion\chorechampion\src\lib\dev\environmentUtils.ts", "TypeScript", 0, 0, 248, 0, 0, 0, 0, 0, 0, 35, 39, 322
"c:\Users\dell\WebstormProjects\ChoreChampion\chorechampion\src\lib\gamification\badge-definitions.ts", "TypeScript", 0, 0, 622, 0, 0, 0, 0, 0, 0, 34, 24, 680
"c:\Users\dell\WebstormProjects\ChoreChampion\chorechampion\src\lib\gamification\badge-service.ts", "TypeScript", 0, 0, 448, 0, 0, 0, 0, 0, 0, 62, 75, 585
"c:\Users\dell\WebstormProjects\ChoreChampion\chorechampion\src\lib\gamification\mock-badge-service.ts", "TypeScript", 0, 0, 285, 0, 0, 0, 0, 0, 0, 32, 35, 352
"c:\Users\dell\WebstormProjects\ChoreChampion\chorechampion\src\lib\getAllScoresService.ts", "TypeScript", 0, 0, 0, 0, 0, 0, 0, 0, 0, 0, 1, 1
"c:\Users\dell\WebstormProjects\ChoreChampion\chorechampion\src\lib\getAllTasksService.ts", "TypeScript", 0, 0, 170, 0, 0, 0, 0, 0, 0, 30, 25, 225
"c:\Users\dell\WebstormProjects\ChoreChampion\chorechampion\src\lib\middleware\rateLimitMiddleware.ts", "TypeScript", 0, 0, 279, 0, 0, 0, 0, 0, 0, 50, 39, 368
"c:\Users\dell\WebstormProjects\ChoreChampion\chorechampion\src\lib\navigation.ts", "TypeScript", 0, 0, 10, 0, 0, 0, 0, 0, 0, 2, 1, 13
"c:\Users\dell\WebstormProjects\ChoreChampion\chorechampion\src\lib\prismaClient.ts", "TypeScript", 0, 0, 10, 0, 0, 0, 0, 0, 0, 0, 5, 15
"c:\Users\dell\WebstormProjects\ChoreChampion\chorechampion\src\lib\redis.ts", "TypeScript", 0, 0, 211, 0, 0, 0, 0, 0, 0, 13, 15, 239
"c:\Users\dell\WebstormProjects\ChoreChampion\chorechampion\src\lib\redis\key-manager.ts", "TypeScript", 0, 0, 465, 0, 0, 0, 0, 0, 0, 148, 80, 693
"c:\Users\dell\WebstormProjects\ChoreChampion\chorechampion\src\lib\redis\operations.ts", "TypeScript", 0, 0, 458, 0, 0, 0, 0, 0, 0, 105, 68, 631
"c:\Users\dell\WebstormProjects\ChoreChampion\chorechampion\src\lib\scoreService.ts", "TypeScript", 0, 0, 353, 0, 0, 0, 0, 0, 0, 68, 53, 474
"c:\Users\dell\WebstormProjects\ChoreChampion\chorechampion\src\lib\security\apiWrapper.ts", "TypeScript", 0, 0, 384, 0, 0, 0, 0, 0, 0, 67, 44, 495
"c:\Users\dell\WebstormProjects\ChoreChampion\chorechampion\src\lib\security\index.ts", "TypeScript", 0, 0, 270, 0, 0, 0, 0, 0, 0, 124, 48, 442
"c:\Users\dell\WebstormProjects\ChoreChampion\chorechampion\src\lib\security\inputValidator.ts", "TypeScript", 0, 0, 160, 0, 0, 0, 0, 0, 0, 37, 33, 230
"c:\Users\dell\WebstormProjects\ChoreChampion\chorechampion\src\lib\security\rateLimitManager.ts", "TypeScript", 0, 0, 502, 0, 0, 0, 0, 0, 0, 42, 52, 596
"c:\Users\dell\WebstormProjects\ChoreChampion\chorechampion\src\lib\security\roleValidation.ts", "TypeScript", 0, 0, 134, 0, 0, 0, 0, 0, 0, 52, 26, 212
"c:\Users\dell\WebstormProjects\ChoreChampion\chorechampion\src\lib\security\secureEndpoint.ts", "TypeScript", 0, 0, 429, 0, 0, 0, 0, 0, 0, 27, 55, 511
"c:\Users\dell\WebstormProjects\ChoreChampion\chorechampion\src\lib\security\securityMiddleware.ts", "TypeScript", 0, 0, 164, 0, 0, 0, 0, 0, 0, 9, 23, 196
"c:\Users\dell\WebstormProjects\ChoreChampion\chorechampion\src\lib\utils.ts", "TypeScript", 0, 0, 64, 0, 0, 0, 0, 0, 0, 34, 11, 109
"c:\Users\dell\WebstormProjects\ChoreChampion\chorechampion\src\lib\utils\__tests__\i18n-numerals.test.ts", "TypeScript", 0, 0, 140, 0, 0, 0, 0, 0, 0, 7, 27, 174
"c:\Users\dell\WebstormProjects\ChoreChampion\chorechampion\src\lib\utils\core.ts", "TypeScript", 0, 0, 157, 0, 0, 0, 0, 0, 0, 110, 29, 296
"c:\Users\dell\WebstormProjects\ChoreChampion\chorechampion\src\lib\utils\i18n-numerals.ts", "TypeScript", 0, 0, 198, 0, 0, 0, 0, 0, 0, 146, 51, 395
"c:\Users\dell\WebstormProjects\ChoreChampion\chorechampion\src\messages\ar.json", "JSON", 0, 0, 0, 320, 0, 0, 0, 0, 0, 0, 1, 321
"c:\Users\dell\WebstormProjects\ChoreChampion\chorechampion\src\messages\en.json", "JSON", 0, 0, 0, 325, 0, 0, 0, 0, 0, 0, 1, 326
"c:\Users\dell\WebstormProjects\ChoreChampion\chorechampion\src\middleware-with-refresh.ts", "TypeScript", 0, 0, 205, 0, 0, 0, 0, 0, 0, 31, 37, 273
"c:\Users\dell\WebstormProjects\ChoreChampion\chorechampion\src\middleware.ts", "TypeScript", 0, 0, 222, 0, 0, 0, 0, 0, 0, 33, 39, 294
"c:\Users\dell\WebstormProjects\ChoreChampion\chorechampion\src\schemas\auth\login.schema.ts", "TypeScript", 0, 0, 5, 0, 0, 0, 0, 0, 0, 0, 2, 7
"c:\Users\dell\WebstormProjects\ChoreChampion\chorechampion\src\schemas\auth\signup.schema.ts", "TypeScript", 0, 0, 22, 0, 0, 0, 0, 0, 0, 1, 6, 29
"c:\Users\dell\WebstormProjects\ChoreChampion\chorechampion\src\types\badges.ts", "TypeScript", 0, 0, 204, 0, 0, 0, 0, 0, 0, 48, 37, 289
"c:\Users\dell\WebstormProjects\ChoreChampion\chorechampion\src\types\index.ts", "TypeScript", 0, 0, 86, 0, 0, 0, 0, 0, 0, 0, 16, 102
"c:\Users\dell\WebstormProjects\ChoreChampion\chorechampion\tailwind.config.ts", "TypeScript", 0, 0, 107, 0, 0, 0, 0, 0, 0, 0, 2, 109
"c:\Users\dell\WebstormProjects\ChoreChampion\chorechampion\test-addtask-fetchauth.js", "JavaScript", 0, 171, 0, 0, 0, 0, 0, 0, 0, 15, 30, 216
"c:\Users\dell\WebstormProjects\ChoreChampion\chorechampion\test-admin-error-handling-improvements.js", "JavaScript", 0, 163, 0, 0, 0, 0, 0, 0, 0, 58, 22, 243
"c:\Users\dell\WebstormProjects\ChoreChampion\chorechampion\test-admin-only-access-control.js", "JavaScript", 0, 165, 0, 0, 0, 0, 0, 0, 0, 11, 26, 202
"c:\Users\dell\WebstormProjects\ChoreChampion\chorechampion\test-arabic-numbers.js", "JavaScript", 0, 18, 0, 0, 0, 0, 0, 0, 0, 2, 5, 25
"c:\Users\dell\WebstormProjects\ChoreChampion\chorechampion\test-auth-flow.js", "JavaScript", 0, 67, 0, 0, 0, 0, 0, 0, 0, 14, 16, 97
"c:\Users\dell\WebstormProjects\ChoreChampion\chorechampion\test-auto-login-fix.html", "HTML", 0, 0, 0, 0, 0, 267, 0, 0, 0, 0, 29, 296
"c:\Users\dell\WebstormProjects\ChoreChampion\chorechampion\test-badge-positioning-fixed.html", "HTML", 0, 0, 0, 0, 0, 166, 0, 0, 0, 12, 9, 187
"c:\Users\dell\WebstormProjects\ChoreChampion\chorechampion\test-badge-positioning.html", "HTML", 0, 0, 0, 0, 0, 165, 0, 0, 0, 4, 10, 179
"c:\Users\dell\WebstormProjects\ChoreChampion\chorechampion\test-complete-auth-flow.js", "JavaScript", 0, 248, 0, 0, 0, 0, 0, 0, 0, 50, 44, 342
"c:\Users\dell\WebstormProjects\ChoreChampion\chorechampion\test-complete-auth.js", "JavaScript", 0, 100, 0, 0, 0, 0, 0, 0, 0, 13, 18, 131
"c:\Users\dell\WebstormProjects\ChoreChampion\chorechampion\test-complete-refresh-flow.html", "HTML", 0, 0, 0, 0, 0, 531, 0, 0, 0, 0, 59, 590
"c:\Users\dell\WebstormProjects\ChoreChampion\chorechampion\test-complete-refresh-flow.js", "JavaScript", 0, 153, 0, 0, 0, 0, 0, 0, 0, 19, 26, 198
"c:\Users\dell\WebstormProjects\ChoreChampion\chorechampion\test-cookie-fix.js", "JavaScript", 0, 55, 0, 0, 0, 0, 0, 0, 0, 9, 11, 75
"c:\Users\dell\WebstormProjects\ChoreChampion\chorechampion\test-cookie-security.js", "JavaScript", 0, 119, 0, 0, 0, 0, 0, 0, 0, 15, 27, 161
"c:\Users\dell\WebstormProjects\ChoreChampion\chorechampion\test-enhanced-app-provider-compatibility.js", "JavaScript", 0, 242, 0, 0, 0, 0, 0, 0, 0, 17, 40, 299
"c:\Users\dell\WebstormProjects\ChoreChampion\chorechampion\test-enhanced-signup.html", "HTML", 0, 0, 0, 0, 0, 563, 0, 0, 0, 0, 64, 627
"c:\Users\dell\WebstormProjects\ChoreChampion\chorechampion\test-enterprise-architecture-complete.js", "JavaScript", 0, 348, 0, 0, 0, 0, 0, 0, 0, 46, 69, 463
"c:\Users\dell\WebstormProjects\ChoreChampion\chorechampion\test-fetchWithAuth-flow.js", "JavaScript", 0, 55, 0, 0, 0, 0, 0, 0, 0, 8, 11, 74
"c:\Users\dell\WebstormProjects\ChoreChampion\chorechampion\test-get-all-tasks-endpoint.js", "JavaScript", 0, 300, 0, 0, 0, 0, 0, 0, 0, 51, 51, 402
"c:\Users\dell\WebstormProjects\ChoreChampion\chorechampion\test-integration.mjs", "JavaScript", 0, 25, 0, 0, 0, 0, 0, 0, 0, 2, 5, 32
"c:\Users\dell\WebstormProjects\ChoreChampion\chorechampion\test-internationalization.js", "JavaScript", 0, 65, 0, 0, 0, 0, 0, 0, 0, 2, 10, 77
"c:\Users\dell\WebstormProjects\ChoreChampion\chorechampion\test-jwt.js", "JavaScript", 0, 18, 0, 0, 0, 0, 0, 0, 0, 3, 6, 27
"c:\Users\dell\WebstormProjects\ChoreChampion\chorechampion\test-leaderboard-optimization.js", "JavaScript", 0, 143, 0, 0, 0, 0, 0, 0, 0, 17, 21, 181
"c:\Users\dell\WebstormProjects\ChoreChampion\chorechampion\test-logout-endpoint.html", "HTML", 0, 0, 0, 0, 0, 190, 0, 0, 0, 0, 18, 208
"c:\Users\dell\WebstormProjects\ChoreChampion\chorechampion\test-mock-badge-service.js", "JavaScript", 0, 43, 0, 0, 0, 0, 0, 0, 0, 8, 10, 61
"c:\Users\dell\WebstormProjects\ChoreChampion\chorechampion\test-phase2-integration.js", "JavaScript", 0, 71, 0, 0, 0, 0, 0, 0, 0, 20, 22, 113
"c:\Users\dell\WebstormProjects\ChoreChampion\chorechampion\test-positioning.html", "HTML", 0, 0, 0, 0, 0, 57, 0, 0, 0, 7, 6, 70
"c:\Users\dell\WebstormProjects\ChoreChampion\chorechampion\test-progress-calculation.js", "JavaScript", 0, 0, 0, 0, 0, 0, 0, 0, 0, 0, 1, 1
"c:\Users\dell\WebstormProjects\ChoreChampion\chorechampion\test-quick-login.js", "JavaScript", 0, 53, 0, 0, 0, 0, 0, 0, 0, 11, 14, 78
"c:\Users\dell\WebstormProjects\ChoreChampion\chorechampion\test-real-endpoint-integration.js", "JavaScript", 0, 133, 0, 0, 0, 0, 0, 0, 0, 14, 25, 172
"c:\Users\dell\WebstormProjects\ChoreChampion\chorechampion\test-redis-connection.js", "JavaScript", 0, 14, 0, 0, 0, 0, 0, 0, 0, 5, 6, 25
"c:\Users\dell\WebstormProjects\ChoreChampion\chorechampion\test-refresh-endpoint.html", "HTML", 0, 0, 0, 0, 0, 267, 0, 0, 0, 0, 26, 293
"c:\Users\dell\WebstormProjects\ChoreChampion\chorechampion\test-role-based-access-control.js", "JavaScript", 0, 176, 0, 0, 0, 0, 0, 0, 0, 14, 27, 217
"c:\Users\dell\WebstormProjects\ChoreChampion\chorechampion\test-score-adjustments-vs-total.js", "JavaScript", 0, 103, 0, 0, 0, 0, 0, 0, 0, 11, 22, 136
"c:\Users\dell\WebstormProjects\ChoreChampion\chorechampion\test-score-calculation.js", "JavaScript", 0, 23, 0, 0, 0, 0, 0, 0, 0, 7, 8, 38
"c:\Users\dell\WebstormProjects\ChoreChampion\chorechampion\test-score-endpoints.js", "JavaScript", 0, 396, 0, 0, 0, 0, 0, 0, 0, 62, 70, 528
"c:\Users\dell\WebstormProjects\ChoreChampion\chorechampion\test-score-fetching.html", "HTML", 0, 0, 0, 0, 0, 252, 0, 0, 0, 0, 27, 279
"c:\Users\dell\WebstormProjects\ChoreChampion\chorechampion\test-score-fetching.js", "JavaScript", 0, 96, 0, 0, 0, 0, 0, 0, 0, 13, 19, 128
"c:\Users\dell\WebstormProjects\ChoreChampion\chorechampion\test-step1-token-status.js", "JavaScript", 0, 53, 0, 0, 0, 0, 0, 0, 0, 7, 11, 71
"c:\Users\dell\WebstormProjects\ChoreChampion\chorechampion\test-step2-validation.js", "JavaScript", 0, 44, 0, 0, 0, 0, 0, 0, 0, 8, 11, 63
"c:\Users\dell\WebstormProjects\ChoreChampion\chorechampion\test-task-completion-endpoints.js", "JavaScript", 0, 332, 0, 0, 0, 0, 0, 0, 0, 56, 56, 444
"c:\Users\dell\WebstormProjects\ChoreChampion\chorechampion\test-token-deletion-recovery.js", "JavaScript", 0, 61, 0, 0, 0, 0, 0, 0, 0, 34, 17, 112
"c:\Users\dell\WebstormProjects\ChoreChampion\chorechampion\test-token-refresh-flow.js", "JavaScript", 0, 85, 0, 0, 0, 0, 0, 0, 0, 9, 15, 109
"c:\Users\dell\WebstormProjects\ChoreChampion\chorechampion\test-token-refresh.html", "HTML", 0, 0, 0, 0, 0, 0, 0, 0, 0, 0, 1, 1
"c:\Users\dell\WebstormProjects\ChoreChampion\chorechampion\test-token-status-endpoint.js", "JavaScript", 0, 230, 0, 0, 0, 0, 0, 0, 0, 52, 46, 328
"c:\Users\dell\WebstormProjects\ChoreChampion\chorechampion\tsconfig.json", "JSON with Comments", 0, 0, 0, 0, 0, 0, 27, 0, 0, 0, 1, 28
"c:\Users\dell\WebstormProjects\ChoreChampion\chorechampion\vercel.json", "JSON", 0, 0, 0, 9, 0, 0, 0, 0, 0, 0, 1, 10
"c:\Users\dell\WebstormProjects\ChoreChampion\chorechampion\why-secure-cookie-clearing.js", "JavaScript", 0, 88, 0, 0, 0, 0, 0, 0, 0, 5, 5, 98
"Total", "-", 11960, 8441, 16572, 15907, 5, 3311, 27, 12379, 189, 9615, 9647, 88053